total,refugees.csv
campzone_a,campzone_a.csv
bahamas_academy_gym,bahamas_academy_gym.csv
fox_hill_community_center,fox_hill_community_center.csv
campzone_b,campzone_b.csv
campzone_c,campzone_c.csv
all_saints_anglican_auditorium,all_saints_anglican_auditorium.csv
salvation_army_mackey,salvation_army_mackey.csv
children's_emergency_hostel,children's_emergency_hostel.csv
enoch_backford_shelter,enoch_backford_shelter.csv
campzone_d,campzone_d.csv
central_abaco_primary_school,central_abaco_primary_school.csv